word,chinese,length,ipa,syllables,stress,prefix_tag,suffix_tag,rhyme_group,semantic_tag,antonym,minimal_pairs,example,memory_hint,audio_url,introduced_day,last_review,strength,notes
i,我,1,ˈaɪ,1,,,,,,,,,,,,,,
do,做,2,dˈu,1,,,,,,,,,,,,,,
go,去,2,gˈoʊ,1,,,,,,,,,,,,,,
he,他,2,hˈi,1,,,,,,,,,,,,,,
if,如果,2,ˈɪf,1,,,,,,,,,,,,,,
in,在……內,2,ɪn,1,,in-,,,,,,,,,,,,
it,它,2,ˈɪt,1,,,,,,,,,,,,,,
me,我（受格）,2,mˈi,1,,,,,,,,,,,,,,
my,我的（所有格）,2,mˈaɪ,1,,,,,,,,,,,,,,
no,不,2,nˈoʊ,1,,,,,,,,,,,,,,
of,……的,2,ˈʌv,1,,,,,,,,,,,,,,
on,在……上面,2,ˈɑn,1,,,,,,,,,,,,,,
or,或,2,ˈɔr,1,,,,,,,,,,,,,,
so,這麼；多麼；因此,2,sˈoʊ,1,,,,,,,,,,,,,,
to,向；往；到；對……；按……；為了,2,tˈu,1,,,,,,,,,,,,,,
up,往上,2,ˈʌp,1,,,,,,,,,,,,,,
us,我們（受格）,2,ˈʌs,1,,,,,,,,,,,,,,
we,我們,2,wˈi,1,,,,,,,,,,,,,,
and,和；及,3,ʌnd,1,,,,,,,,,,,,,,
any,任何的,3,ˈɛni,2,,,,,,,,,,,,,,
arm,手臂,3,ˈɑrm,1,,,,,,,,,,,,,,
big,大的,3,bˈɪg,1,,,,,,,,,,,,,,
bit,一點；碎片,3,bˈɪt,1,,,,,,,,,,,,,,
box,盒子,3,bˈɑks,1,,,,,,,,,,,,,,
boy,男孩,3,bˈɔɪ,1,,,,,,,,,,,,,,
cow,母牛,3,kˈaʊ,1,,,,,,,,,,,,,,
cry,哭；喊,3,krˈaɪ,1,,,,,,,,,,,,,,
cup,杯子,3,kˈʌp,1,,,,,,,,,,,,,,
cut,切開,3,kˈʌt,1,,,,,,,,,,,,,,
day,日；白天,3,dˈeɪ,1,,,,,,,,,,,,,,
die,死,3,dˈaɪ,1,,,,,,,,,,,,,,
dig,挖掘,3,dˈɪg,1,,,,,,,,,,,,,,
dog,狗,3,dˈɔg,1,,,,,,,,,,,,,,
dry,乾燥的,3,drˈaɪ,1,,,,,,,,,,,,,,
ear,耳朵,3,ˈir,1,,,,,,,,,,,,,,
eat,吃,3,ˈit,1,,,,,,,,,,,,,,
egg,蛋,3,ˈɛg,1,,,,,,,,,,,,,,
end,結束,3,ˈɛnd,1,,,,,,,,,,,,,,
eye,眼睛,3,ˈaɪ,1,,,,,,,,,,,,,,
far,遙遠的,3,fˈɑr,1,,,,,,,,,,,,,,
fat,肥胖的,3,fˈæt,1,,,,,,,,,,,,,,
few,少數的,3,fjˈu,1,,,,,,,,,,,,,,
fit,適合；健康的,3,fˈɪt,1,,,,,,,,,,,,,,
fix,修理,3,fˈɪks,1,,,,,,,,,,,,,,
fly,飛；蒼蠅,3,flˈaɪ,1,,,-ly,,,,,,,,,,,
fog,霧,3,fˈɑg,1,,,,,,,,,,,,,,
for,為了；因為；在……方面,3,fˈɔr,1,,,,,,,,,,,,,,
fun,樂趣；好玩的,3,fˈʌn,1,,,,,,,,,,,,,,
gas,瓦斯,3,gˈæs,1,,,,,,,,,,,,,,
get,取得,3,gˈɛt,1,,,,,,,,,,,,,,
god,神,3,gˈɑd,1,,,,,,,,,,,,,,
gun,槍,3,gˈʌn,1,,,,,,,,,,,,,,
guy,男人；傢伙,3,gˈaɪ,1,,,,,,,,,,,,,,
hat,帽子,3,hˈæt,1,,,,,,,,,,,,,,
her,她的（所有格）,3,hˈɝ,1,,,-er,,,,,,,,,,,
him,他（受格）,3,hˈɪm,1,,,,,,,,,,,,,,
his,他的（所有格）,3,hˈɪz,1,,,,,,,,,,,,,,
hit,打；擊,3,hˈɪt,1,,,,,,,,,,,,,,
hot,熱的,3,hˈɑt,1,,,,,,,,,,,,,,
how,如何,3,hˈaʊ,1,,,,,,,,,,,,,,
ice,冰,3,ˈaɪs,1,,,,,,,,,,,,,,
ill,生病的,3,ˈɪl,1,,,,,,,,,,,,,,
job,工作,3,dʒˈɑb,1,,,,,,,,,,,,,,
joy,喜悅,3,dʒˈɔɪ,1,,,,,,,,,,,,,,
key,鑰匙；關鍵的,3,kˈi,1,,,,,,,,,,,,,,
kid,孩子,3,kˈɪd,1,,,,,,,,,,,,,,
kit,成套的工具,3,kˈɪt,1,,,,,,,,,,,,,,
law,法律,3,lˈɔ,1,,,,,,,,,,,,,,
lay,放；產卵,3,lˈeɪ,1,,,,,,,,,,,,,,
leg,腿,3,lˈɛg,1,,,,,,,,,,,,,,
let,允許；讓；出租,3,lˈɛt,1,,,,,,,,,,,,,,
lie,說謊；謊言,3,lˈaɪ,1,,,,,,,,,,,,,,
lie,躺下,3,lˈaɪ,1,,,,,,,,,,,,,,
lip,嘴唇,3,lˈɪp,1,,,,,,,,,,,,,,
log,原木；伐木；記錄,3,lˈɔg,1,,,,,,,,,,,,,,
lot,很多；一塊地,3,lˈɑt,1,,,,,,,,,,,,,,
low,低的,3,lˈoʊ,1,,,,,,,,,,,,,,
man,男人,3,mˈæn,1,,,,,,,,,,,,,,
map,地圖,3,mˈæp,1,,,,,,,,,,,,,,
may,或許；能夠,3,mˈeɪ,1,,,,,,,,,,,,,,
mix,混合,3,mˈɪks,1,,,,,,,,,,,,,,
mob,暴民,3,mˈɑb,1,,,,,,,,,,,,,,
new,新的,3,nˈu,1,,,,,,,,,,,,,,
not,不,3,nˈɑt,1,,,,,,,,,,,,,,
now,現在,3,nˈaʊ,1,,,,,,,,,,,,,,
off,（離）開；（食品）變壞,3,ˈɔf,1,,,,,,,,,,,,,,
oil,油,3,ˈɔɪl,1,,,,,,,,,,,,,,
old,老的,3,ˈoʊld,1,,,,,,,,,,,,,,
our,我們的（所有格）,3,ˈaʊɝ,2,,,,,,,,,,,,,,
out,出外,3,ˈaʊt,1,,,,,,,,,,,,,,
owe,欠（債）；歸功於,3,ˈoʊ,1,,,,,,,,,,,,,,
own,自己的；擁有,3,ˈoʊn,1,,,,,,,,,,,,,,
pan,平底鍋,3,pˈæn,1,,,,,,,,,,,,,,
pay,付款給；給予（注意）,3,pˈeɪ,1,,,,,,,,,,,,,,
pen,筆,3,pˈɛn,1,,,,,,,,,,,,,,
pig,豬,3,pˈɪg,1,,,,,,,,,,,,,,
put,放,3,pˈʊt,1,,,,,,,,,,,,,,
ray,光線；射線,3,rˈeɪ,1,,,,,,,,,,,,,,
red,紅色的,3,rˈɛd,1,,re-,-ed,,,,,,,,,,,
rob,搶劫；非法剝奪,3,rˈɑb,1,,,,,,,,,,,,,,
row,（一）列；（一）排；吵架；划（船）,3,,,,,,,,,,,,,,,,
rub,摩擦,3,,,,,,,,,,,,,,,,
run,跑；奔；運轉,3,,,,,,,,,,,,,,,,
sad,難過的,3,,,,,,,,,,,,,,,,
say,說,3,,,,,,,,,,,,,,,,
sea,海洋,3,,,,,,,,,,,,,,,,
see,看見,3,,,,,,,,,,,,,,,,
set,放；置；規定；凝固；一套,3,,,,,,,,,,,,,,,,
sex,性,3,,,,,,,,,,,,,,,,
she,她,3,,,,,,,,,,,,,,,,
sit,坐,3,,,,,,,,,,,,,,,,
sky,天空,3,,,,,,,,,,,,,,,,
son,兒子,3,,,,,,,,,,,,,,,,
spy,間諜,3,,,,,,,,,,,,,,,,
sun,太陽,3,,,,,,,,,,,,,,,,
tax,稅,3,,,,,,,,,,,,,,,,
tea,茶,3,,,,,,,,,,,,,,,,
the,這；那（定冠詞）,3,,,,,,,,,,,,,,,,
tie,領帶；綁,3,,,,,,,,,,,,,,,,
tin,錫；罐頭,3,,,,,,,,,,,,,,,,
too,也；太,3,,,,,,,,,,,,,,,,
top,頂點；最上面,3,,,,,,,,,,,,,,,,
try,嘗試,3,,,,,,,,,,,,,,,,
use,使用,3,,,,,,,,,,,,,,,,
war,戰爭,3,,,,,,,,,,,,,,,,
way,方法；道路,3,,,,,,,,,,,,,,,,
wet,濕的,3,,,,,,,,,,,,,,,,
who,誰,3,,,,,,,,,,,,,,,,
why,為什麼,3,,,,,,,,,,,,,,,,
win,贏得,3,,,,,,,,,,,,,,,,
yes,是,3,,,,,,,,,,,,,,,,
yet,（否定句）尚未,3,,,,,,,,,,,,,,,,
you,你,3,,,,,,,,,,,,,,,,
ally,同盟,4,,,,,-ly,,,,,,,,,,,
also,也,4,,,,,,,,,,,,,,,,
area,區域,4,,,,,,,,,,,,,,,,
army,軍隊,4,,,,,,,,,,,,,,,,
bend,彎曲,4,,,,,,,,,,,,,,,,
best,最好的,4,,,,,-est,,,,,,,,,,,
bill,帳單,4,,,,,,,,,,,,,,,,
bird,鳥兒,4,,,,,,,,,,,,,,,,
bite,咬,4,,,,,,,,,,,,,,,,
blow,吹,4,,,,,,,,,,,,,,,,
blue,藍色的,4,,,,,,,,,,,,,,,,
boat,船,4,,,,,,,,,,,,,,,,
body,身體,4,,,,,,,,,,,,,,,,
bomb,炸彈,4,,,,,,,,,,,,,,,,
bone,骨頭,4,,,,,,,,,,,,,,,,
book,書籍,4,,,,,,,,,,,,,,,,
boot,靴子,4,,,,,,,,,,,,,,,,
born,天生的,4,,,,,,,,,,,,,,,,
boss,老闆,4,,,,,,,,,,,,,,,,
both,兩者,4,,,,,,,,,,,,,,,,
come,來,4,,,,,,,,,,,,,,,,
cook,烹調,4,,,,,,,,,,,,,,,,
cool,冷卻,4,,,,,,,,,,,,,,,,
copy,複製；副本,4,,,,,,,,,,,,,,,,
cork,軟木塞,4,,,,,,,,,,,,,,,,
corn,玉米,4,,,,,,,,,,,,,,,,
cost,成本；價值,4,,,,,,,,,,,,,,,,
crew,團隊,4,,,,,,,,,,,,,,,,
crop,作物；剪短,4,,,,,,,,,,,,,,,,
cure,治癒,4,,,,,,,,,,,,,,,,
dark,黑暗的,4,,,,,,,,,,,,,,,,
date,日期；約會,4,,,,,,,,,,,,,,,,
dead,死亡的,4,,,,,,,,,,,,,,,,
deaf,聾的,4,,,,,,,,,,,,,,,,
deal,交易；處理,4,,,,,-al,,,,,,,,,,,
dear,親愛的,4,,,,,,,,,,,,,,,,
debt,債務,4,,,,,,,,,,,,,,,,
deep,深的,4,,,,,,,,,,,,,,,,
deny,否認,4,,,,,,,,,,,,,,,,
diet,飲食,4,,,,,,,,,,,,,,,,
dirt,塵土,4,,,,,,,,,,,,,,,,
disk,圓盤；【電腦】磁盤,4,,,,dis-,,,,,,,,,,,,
door,門,4,,,,,,,,,,,,,,,,
down,向下,4,,,,,,,,,,,,,,,,
draw,畫；拉,4,,,,,,,,,,,,,,,,
drop,落下,4,,,,,,,,,,,,,,,,
drug,藥物,4,,,,,,,,,,,,,,,,
dust,灰塵,4,,,,,,,,,,,,,,,,
duty,職務,4,,,,,,,,,,,,,,,,
each,每一個,4,,,,,,,,,,,,,,,,
earn,賺得,4,,,,,,,,,,,,,,,,
east,東方,4,,,,,,,,,,,,,,,,
easy,簡單的,4,,,,,,,,,,,,,,,,
edge,邊緣,4,,,,,,,,,,,,,,,,
else,其他,4,,,,,,,,,,,,,,,,
even,即使,4,,,,,,,,,,,,,,,,
ever,在任何時候；永遠,4,,,,,-er,,,,,,,,,,,
evil,邪惡,4,,,,,,,,,,,,,,,,
exit,出口,4,,,,,,,,,,,,,,,,
face,臉孔,4,,,,,,,,,,,,,,,,
fact,事實,4,,,,,,,,,,,,,,,,
fail,失敗,4,,,,,,,,,,,,,,,,
fair,公平的；白皙的,4,,,,,,,,,,,,,,,,
fall,落下,4,,,,,,,,,,,,,,,,
fast,迅速的,4,,,,,,,,,,,,,,,,
fear,恐懼,4,,,,,,,,,,,,,,,,
feed,餵；飼料,4,,,,,-ed,,,,,,,,,,,
feel,感覺,4,,,,,,,,,,,,,,,,
file,檔案；歸檔,4,,,,,,,,,,,,,,,,
fill,填滿,4,,,,,,,,,,,,,,,,
film,電影；軟片,4,,,,,,,,,,,,,,,,
find,尋找,4,,,,,,,,,,,,,,,,
fine,美好的；純淨的,4,,,,,,,,,,,,,,,,
fire,火；解雇,4,,,,,,,,,,,,,,,,
firm,堅定的；公司,4,,,,,,,,,,,,,,,,
fish,魚,4,,,,,,,,,,,,,,,,
fist,拳頭,4,,,,,,,,,,,,,,,,
flag,旗幟,4,,,,,,,,,,,,,,,,
flat,平坦的,4,,,,,,,,,,,,,,,,
flow,流動,4,,,,,,,,,,,,,,,,
fold,摺疊,4,,,,,,,,,,,,,,,,
food,食物,4,,,,,,,,,,,,,,,,
fool,傻瓜,4,,,,,,,,,,,,,,,,
foot,腳；呎,4,,,,,,,,,,,,,,,,
form,形式；形成,4,,,,,,,,,,,,,,,,
free,自由的；免費的,4,,,,,,,,,,,,,,,,
from,來自……,4,,,,,,,,,,,,,,,,
fuel,燃料,4,,,,,,,,,,,,,,,,
full,滿的,4,,,,,,,,,,,,,,,,
gain,得到,4,,,,,,,,,,,,,,,,
game,遊戲；野味,4,,,,,,,,,,,,,,,,
gang,一幫；一群,4,,,,,,,,,,,,,,,,
gift,禮物,4,,,,,,,,,,,,,,,,
girl,女孩,4,,,,,,,,,,,,,,,,
give,給予,4,,,,,-ive,,,,,,,,,,,
goal,目標,4,,,,,-al,,,,,,,,,,,
gold,金色的；黃金,4,,,,,,,,,,,,,,,,
good,好的,4,,,,,,,,,,,,,,,,
gray (grey),灰色的,4,,,,,,,,,,,,,,,,
grow,成長,4,,,,,,,,,,,,,,,,
hair,頭髮；毛髮,4,,,,,,,,,,,,,,,,
half,一半的,4,,,,,,,,,,,,,,,,
halt,停止,4,,,,,,,,,,,,,,,,
hand,手,4,,,,,,,,,,,,,,,,
hang,懸掛；吊死,4,,,,,,,,,,,,,,,,
hard,堅硬的；困難的,4,,,,,,,,,,,,,,,,
hate,憎恨,4,,,,,,,,,,,,,,,,
have,有,4,,,,,,,,,,,,,,,,
head,頭；前往……方向,4,,,,,,,,,,,,,,,,
heal,痊癒,4,,,,,-al,,,,,,,,,,,
hear,聽見,4,,,,,,,,,,,,,,,,
heat,熱,4,,,,,,,,,,,,,,,,
help,幫忙,4,,,,,,,,,,,,,,,,
here,這裡,4,,,,,,,,,,,,,,,,
hide,隱藏,4,,,,,,,,,,,,,,,,
high,高的,4,,,,,,,,,,,,,,,,
hill,小丘,4,,,,,,,,,,,,,,,,
hire,雇用,4,,,,,,,,,,,,,,,,
hold,握著；約束,4,,,,,,,,,,,,,,,,
hole,洞,4,,,,,,,,,,,,,,,,
holy,神聖的,4,,,,,-ly,,,,,,,,,,,
home,家,4,,,,,,,,,,,,,,,,
hope,希望,4,,,,,,,,,,,,,,,,
hour,小時,4,,,,,,,,,,,,,,,,
huge,巨大的,4,,,,,,,,,,,,,,,,
hunt,打獵,4,,,,,,,,,,,,,,,,
hurt,傷害；疼痛,4,,,,,,,,,,,,,,,,
idea,想法,4,,,,,,,,,,,,,,,,
inch,吋,4,,,,in-,,,,,,,,,,,,
into,到……裡面,4,,,,in-,,,,,,,,,,,,
iron,鐵；熨斗,4,,,,,,,,,,,,,,,,
item,項目,4,,,,,,,,,,,,,,,,
jail,監獄,4,,,,,,,,,,,,,,,,
join,參加,4,,,,,,,,,,,,,,,,
joke,笑話,4,,,,,,,,,,,,,,,,
jump,跳,4,,,,,,,,,,,,,,,,
jury,陪審團,4,,,,,,,,,,,,,,,,
just,僅……,4,,,,,,,,,,,,,,,,
keep,保留,4,,,,,,,,,,,,,,,,
kick,踢,4,,,,,,,,,,,,,,,,
kill,殺死,4,,,,,,,,,,,,,,,,
kind,種類；善良的,4,,,,,,,,,,,,,,,,
king,國王,4,,,,,-ing,,,,,,,,,,,
kiss,親吻,4,,,,,,,,,,,,,,,,
know,知道；認識,4,,,,,,,,,,,,,,,,
lack,缺乏,4,,,,,,,,,,,,,,,,
lake,湖泊,4,,,,,,,,,,,,,,,,
land,土地；登陸,4,,,,,,,,,,,,,,,,
last,最後的,4,,,,,,,,,,,,,,,,
late,過世的；遲到的,4,,,,,,,,,,,,,,,,
lead,引領,4,,,,,,,,,,,,,,,,
leak,漏水,4,,,,,,,,,,,,,,,,
left,左邊,4,,,,,,,,,,,,,,,,
lend,借,4,,,,,,,,,,,,,,,,
less,較少的,4,,,,,-less,,,,,,,,,,,
life,生活；生命,4,,,,,,,,,,,,,,,,
lift,舉起；電梯,4,,,,,,,,,,,,,,,,
like,喜歡；像,4,,,,,,,,,,,,,,,,
line,線條,4,,,,,,,,,,,,,,,,
link,連結,4,,,,,,,,,,,,,,,,
list,清單；列出,4,,,,,,,,,,,,,,,,
live,活著；有生命的,4,,,,,-ive,,,,,,,,,,,
load,裝載,4,,,,,,,,,,,,,,,,
loan,借出；貸款,4,,,,,,,,,,,,,,,,
lock,鎖；鎖上,4,,,,,,,,,,,,,,,,
lone,孤單的,4,,,,,,,,,,,,,,,,
long,長的,4,,,,,,,,,,,,,,,,
look,看；外表,4,,,,,,,,,,,,,,,,
lose,丟失；輸掉,4,,,,,,,,,,,,,,,,
loud,大聲的,4,,,,,,,,,,,,,,,,
love,愛,4,,,,,,,,,,,,,,,,
luck,幸運,4,,,,,,,,,,,,,,,,
mail,郵件,4,,,,,,,,,,,,,,,,
main,主要的,4,,,,,,,,,,,,,,,,
make,做；製造,4,,,,,,,,,,,,,,,,
male,男性（的）,4,,,,,,,,,,,,,,,,
many,許多的,4,,,,,,,,,,,,,,,,
mark,標記,4,,,,,,,,,,,,,,,,
meal,一餐,4,,,,,-al,,,,,,,,,,,
mean,意味；卑鄙的,4,,,,,,,,,,,,,,,,
meat,肉,4,,,,,,,,,,,,,,,,
meet,遇見；碰上,4,,,,,,,,,,,,,,,,
mile,哩,4,,,,,,,,,,,,,,,,
milk,牛奶,4,,,,,,,,,,,,,,,,
mind,心智；介意,4,,,,,,,,,,,,,,,,
mine,我的（人或事物）；礦坑,4,,,,,,,,,,,,,,,,
miss,錯過,4,,,,mis-,,,,,,,,,,,,
moon,月亮,4,,,,,,,,,,,,,,,,
more,更多的,4,,,,,,,,,,,,,,,,
most,大多數的,4,,,,,,,,,,,,,,,,
move,移動,4,,,,,,,,,,,,,,,,
much,很多的,4,,,,,,,,,,,,,,,,
must,必須,4,,,,,,,,,,,,,,,,
nail,指甲；釘子,4,,,,,,,,,,,,,,,,
name,名字,4,,,,,,,,,,,,,,,,
navy,海軍,4,,,,,,,,,,,,,,,,
near,靠近……,4,,,,,,,,,,,,,,,,
neck,脖子,4,,,,,,,,,,,,,,,,
need,需要,4,,,,,-ed,,,,,,,,,,,
news,新聞,4,,,,,,,,,,,,,,,,
next,下一個,4,,,,,,,,,,,,,,,,
nice,美好的；宜人的,4,,,,,,,,,,,,,,,,
noon,正午,4,,,,,,,,,,,,,,,,
nose,鼻子,4,,,,,,,,,,,,,,,,
note,注意；筆記,4,,,,,,,,,,,,,,,,
obey,服服,4,,,,,,,,,,,,,,,,
once,一旦；曾經,4,,,,,,,,,,,,,,,,
only,僅……,4,,,,,-ly,,,,,,,,,,,
open,打開；開啟的；開放的,4,,,,,,,,,,,,,,,,
ours,我們的,4,,,,,,,,,,,,,,,,
oust,驅逐,4,,,,,,,,,,,,,,,,
over,在……之上；超過,4,,,,over-,-er,,,,,,,,,,,
page,（書）頁,4,,,,,,,,,,,,,,,,
pain,疼痛,4,,,,,,,,,,,,,,,,
part,一部分；離開；角色,4,,,,,,,,,,,,,,,,
pass,通過；通行證,4,,,,,,,,,,,,,,,,
past,過去；通過,4,,,,,,,,,,,,,,,,
path,小徑；路線,4,,,,,,,,,,,,,,,,
pick,挑選；挑剔,4,,,,,,,,,,,,,,,,
pint,品脫（容量）,4,,,,,,,,,,,,,,,,
pipe,管；煙斗,4,,,,,,,,,,,,,,,,
plan,計畫,4,,,,,,,,,,,,,,,,
play,玩；戲劇,4,,,,,,,,,,,,,,,,
poor,貧窮的；不充足的,4,,,,,,,,,,,,,,,,
port,港口,4,,,,,,,,,,,,,,,,
pour,倒；灌；注；傾瀉,4,,,,,,,,,,,,,,,,
pray,禱告,4,,,,,,,,,,,,,,,,
pull,拉,4,,,,,,,,,,,,,,,,
pure,純粹的,4,,,,,,,,,,,,,,,,
push,推,4,,,,,,,,,,,,,,,,
quit,離開；解除；停止,4,,,,,,,,,,,,,,,,
race,比賽,4,,,,,,,,,,,,,,,,
raid,突襲；劫掠,4,,,,,,,,,,,,,,,,
rail,欄杆；鐵路,4,,,,,,,,,,,,,,,,
rain,雨；下雨,4,,,,,,,,,,,,,,,,
rare,少見的,4,,,,,,,,,,,,,,,,
rate,速率；比例；利率,4,,,,,,,,,,,,,,,,
read,閱讀,4,,,,re-,,,,,,,,,,,,
real,真實的,4,,,,re-,-al,,,,,,,,,,,
rest,休息；剩餘的,4,,,,re-,-est,,,,,,,,,,,
rice,米,4,,,,,,,,,,,,,,,,
rich,富有的,4,,,,,,,,,,,,,,,,
ride,騎乘,4,,,,,,,,,,,,,,,,
ring,圈；包圍；按鈴,4,,,,,-ing,,,,,,,,,,,
riot,暴動,4,,,,,,,,,,,,,,,,
rise,上升；增加,4,,,,,,,,,,,,,,,,
risk,危險,4,,,,,,,,,,,,,,,,
road,道路,4,,,,,,,,,,,,,,,,
rock,岩石,4,,,,,,,,,,,,,,,,
roll,滾動；捲狀物,4,,,,,,,,,,,,,,,,
roof,屋頂,4,,,,,,,,,,,,,,,,
room,房間,4,,,,,,,,,,,,,,,,
root,根；根基,4,,,,,,,,,,,,,,,,
rope,繩子,4,,,,,,,,,,,,,,,,
ruin,毀滅；遺跡,4,,,,,,,,,,,,,,,,
rule,規則,4,,,,,,,,,,,,,,,,
safe,安全的,4,,,,,,,,,,,,,,,,
sail,航行,4,,,,,,,,,,,,,,,,
salt,鹽,4,,,,,,,,,,,,,,,,
same,同樣的,4,,,,,,,,,,,,,,,,
sand,沙；磨光,4,,,,,,,,,,,,,,,,
save,存（款）；拯救,4,,,,,,,,,,,,,,,,
seat,座位,4,,,,,,,,,,,,,,,,
seed,種子,4,,,,,-ed,,,,,,,,,,,
seek,尋覓,4,,,,,,,,,,,,,,,,
seem,看來好像,4,,,,,,,,,,,,,,,,
self,自我,4,,,,,,,,,,,,,,,,
sell,賣；銷售,4,,,,,,,,,,,,,,,,
send,傳送,4,,,,,,,,,,,,,,,,
ship,船隻；運送,4,,,,,,,,,,,,,,,,
shoe,鞋子,4,,,,,,,,,,,,,,,,
shop,店面；購物,4,,,,,,,,,,,,,,,,
show,顯示；放映,4,,,,,,,,,,,,,,,,
shut,關閉,4,,,,,,,,,,,,,,,,
sick,生病的；令人噁心的,4,,,,,,,,,,,,,,,,
side,側邊；面,4,,,,,,,,,,,,,,,,
sign,記號；徵兆；招牌,4,,,,,,,,,,,,,,,,
silk,絲,4,,,,,,,,,,,,,,,,
sing,唱歌,4,,,,,-ing,,,,,,,,,,,
size,尺寸,4,,,,,,,,,,,,,,,,
skin,皮膚,4,,,,,,,,,,,,,,,,
slip,滑動；洩漏,4,,,,,,,,,,,,,,,,
slow,緩慢的,4,,,,,,,,,,,,,,,,
snow,雪；下雪,4,,,,,,,,,,,,,,,,
soap,肥皂,4,,,,,,,,,,,,,,,,
soft,柔軟的；輕柔的,4,,,,,,,,,,,,,,,,
soil,土壤；弄髒,4,,,,,,,,,,,,,,,,
some,有些；一些,4,,,,,,,,,,,,,,,,
song,歌曲,4,,,,,,,,,,,,,,,,
soon,很快,4,,,,,,,,,,,,,,,,
sort,種類；挑選,4,,,,,,,,,,,,,,,,
soul,靈魂,4,,,,,,,,,,,,,,,,
spot,斑點；場所；認出,4,,,,,,,,,,,,,,,,
star,恆星；明星,4,,,,,,,,,,,,,,,,
stay,逗留；暫住；保持,4,,,,,,,,,,,,,,,,
step,腳步；跨步,4,,,,,,,,,,,,,,,,
stop,停止；車站,4,,,,,,,,,,,,,,,,
such,如此的,4,,,,,,,,,,,,,,,,
suit,適合；（一套）衣服,4,,,,,,,,,,,,,,,,
sure,確定的,4,,,,,,,,,,,,,,,,
swim,游泳,4,,,,,,,,,,,,,,,,
tail,尾巴,4,,,,,,,,,,,,,,,,
take,拿；佔,4,,,,,,,,,,,,,,,,
talk,談話,4,,,,,,,,,,,,,,,,
tall,高的,4,,,,,,,,,,,,,,,,
task,工作；任務,4,,,,,,,,,,,,,,,,
team,團隊,4,,,,,,,,,,,,,,,,
tear,撕裂,4,,,,,,,,,,,,,,,,
tear,眼淚,4,,,,,,,,,,,,,,,,
tell,告訴,4,,,,,,,,,,,,,,,,
term,學期；條款,4,,,,,,,,,,,,,,,,
test,測試,4,,,,,-est,,,,,,,,,,,
than,比；比較,4,,,,,,,,,,,,,,,,
that,那個,4,,,,,,,,,,,,,,,,
them,他們（受格）,4,,,,,,,,,,,,,,,,
then,那時；接下來,4,,,,,,,,,,,,,,,,
they,他們,4,,,,,,,,,,,,,,,,
thin,瘦的,4,,,,,,,,,,,,,,,,
this,這個,4,,,,,,,,,,,,,,,,
thus,那麼,4,,,,,,,,,,,,,,,,
time,時間；計時,4,,,,,,,,,,,,,,,,
tiny,微小的,4,,,,,,,,,,,,,,,,
tire,使疲倦；輪胎,4,,,,,,,,,,,,,,,,
tone,音調；色調,4,,,,,,,,,,,,,,,,
tool,工具,4,,,,,,,,,,,,,,,,
town,小鎮,4,,,,,,,,,,,,,,,,
tree,樹,4,,,,,,,,,,,,,,,,
trip,旅行；絆倒,4,,,,,,,,,,,,,,,,
tube,管；管狀物,4,,,,,,,,,,,,,,,,
turn,使轉動,4,,,,,,,,,,,,,,,,
unit,單位,4,,,,un-,,,,,,,,,,,,
upon,在……之上；在……上面,4,,,,,,,,,,,,,,,,
urge,力勸,4,,,,,,,,,,,,,,,,
vary,變化,4,,,,,,,,,,,,,,,,
very,非常；很,4,,,,,,,,,,,,,,,,
veto,否決權,4,,,,,,,,,,,,,,,,
view,視力；觀看；看法,4,,,,,,,,,,,,,,,,
vote,投票,4,,,,,,,,,,,,,,,,
wage,薪水,4,,,,,,,,,,,,,,,,
wait,等待,4,,,,,,,,,,,,,,,,
walk,走路,4,,,,,,,,,,,,,,,,
wall,牆壁,4,,,,,,,,,,,,,,,,
want,想要,4,,,,,,,,,,,,,,,,
warm,溫暖的,4,,,,,,,,,,,,,,,,
warn,警告,4,,,,,,,,,,,,,,,,
wash,清洗,4,,,,,,,,,,,,,,,,
wave,揮舞；海浪,4,,,,,,,,,,,,,,,,
weak,虛弱的,4,,,,,,,,,,,,,,,,
wear,穿著；磨損,4,,,,,,,,,,,,,,,,
week,星期,4,,,,,,,,,,,,,,,,
well,很好地；健康的；井,4,,,,,,,,,,,,,,,,
west,西方,4,,,,,-est,,,,,,,,,,,
what,什麼,4,,,,,,,,,,,,,,,,
when,何時；當……時,4,,,,,,,,,,,,,,,,
wide,寬的,4,,,,,,,,,,,,,,,,
wife,妻子,4,,,,,,,,,,,,,,,,
wild,野外的；狂野的,4,,,,,,,,,,,,,,,,
will,將（要）；意願；遺囑,4,,,,,,,,,,,,,,,,
wind,風,4,,,,,,,,,,,,,,,,
wine,葡萄酒,4,,,,,,,,,,,,,,,,
wing,翅膀；（建築物）翼,4,,,,,-ing,,,,,,,,,,,
wire,金屬線；電線,4,,,,,,,,,,,,,,,,
wise,聰明的,4,,,,,,,,,,,,,,,,
wish,希望,4,,,,,,,,,,,,,,,,
with,與……一起；用……,4,,,,,,,,,,,,,,,,
wood,木頭,4,,,,,,,,,,,,,,,,
wool,羊毛,4,,,,,,,,,,,,,,,,
word,字；詞彙,4,,,,,,,,,,,,,,,,
work,工作,4,,,,,,,,,,,,,,,,
yard,碼（長度）；院子,4,,,,,,,,,,,,,,,,
year,年,4,,,,,,,,,,,,,,,,
allow,允許,5,,,,,,,,,,,,,,,,
alone,單獨,5,,,,,,,,,,,,,,,,
along,沿著,5,,,,,,,,,,,,,,,,
among,在……之間,5,,,,,,,,,,,,,,,,
anger,憤怒,5,,,,,-er,,,,,,,,,,,
angle,角度,5,,,,,,,,,,,,,,,,
apple,蘋果,5,,,,,,,,,,,,,,,,
apply,運用；申請,5,,,,,-ly,,,,,,,,,,,
argue,爭論,5,,,,,,,,,,,,,,,,
below,在……下面,5,,,,,,,,,,,,,,,,
birth,誕生,5,,,,,,,,,,,,,,,,
black,黑色的,5,,,,,,,,,,,,,,,,
blade,刀刃,5,,,,,,,,,,,,,,,,
blame,責備,5,,,,,,,,,,,,,,,,
blank,空白的,5,,,,,,,,,,,,,,,,
bleed,流血,5,,,,,-ed,,,,,,,,,,,
blind,盲的,5,,,,,,,,,,,,,,,,
block,方塊；阻礙,5,,,,,,,,,,,,,,,,
blood,血液,5,,,,,,,,,,,,,,,,
board,木板,5,,,,,,,,,,,,,,,,
bonus,額外的好處；紅利,5,,,,,,,,,,,,,,,,
brain,腦子,5,,,,,,,,,,,,,,,,
brake,煞車,5,,,,,,,,,,,,,,,,
brave,勇敢的,5,,,,,,,,,,,,,,,,
bread,麵包,5,,,,,,,,,,,,,,,,
count,數,5,,,,,,,,,,,,,,,,
court,法庭,5,,,,,,,,,,,,,,,,
cover,覆蓋,5,,,,,-er,,,,,,,,,,,
crash,碰撞；墜毀,5,,,,,,,,,,,,,,,,
crime,罪行,5,,,,,,,,,,,,,,,,
cross,十字；穿越,5,,,,,,,,,,,,,,,,
crowd,群眾；擁擠的,5,,,,,,,,,,,,,,,,
crush,壓碎,5,,,,,,,,,,,,,,,,
dance,跳舞,5,,,,,,,,,,,,,,,,
delay,延遲,5,,,,,,,,,,,,,,,,
doubt,懷疑,5,,,,,,,,,,,,,,,,
drain,排出；耗盡,5,,,,,,,,,,,,,,,,
dream,夢；夢想,5,,,,,,,,,,,,,,,,
dress,穿衣；洋裝,5,,,,,,,,,,,,,,,,
drink,喝；飲料,5,,,,,,,,,,,,,,,,
drive,駕駛；車道,5,,,,,-ive,,,,,,,,,,,
early,早的,5,,,,,-ly,,,,,,,,,,,
earth,土地,5,,,,,,,,,,,,,,,,
empty,空的,5,,,,,,,,,,,,,,,,
enemy,敵人,5,,,,,,,,,,,,,,,,
enjoy,享受,5,,,,,,,,,,,,,,,,
enter,進入,5,,,,,-er,,,,,,,,,,,
equal,平等的,5,,,,,-al,,,,,,,,,,,
erase,擦掉,5,,,,,,,,,,,,,,,,
event,事件,5,,,,,,,,,,,,,,,,
every,每一個,5,,,,,,,,,,,,,,,,
exact,確切的,5,,,,,,,,,,,,,,,,
exist,存在,5,,,,,,,,,,,,,,,,
extra,額外的,5,,,,,,,,,,,,,,,,
field,田野,5,,,,,,,,,,,,,,,,
fight,打鬥；對抗,5,,,,,-ight,,,,,,,,,,,
final,最後的,5,,,,,-al,,,,,,,,,,,
first,第一個,5,,,,,,,,,,,,,,,,
float,漂浮,5,,,,,,,,,,,,,,,,
floor,地板,5,,,,,,,,,,,,,,,,
fluid,體液,5,,,,,,,,,,,,,,,,
force,力量；強迫,5,,,,,,,,,,,,,,,,
frame,架構；外框,5,,,,,,,,,,,,,,,,
fresh,新鮮的,5,,,,,,,,,,,,,,,,
front,在……前方,5,,,,,,,,,,,,,,,,
fruit,水果,5,,,,,,,,,,,,,,,,
glass,玻璃；杯子,5,,,,,,,,,,,,,,,,
grass,草地,5,,,,,,,,,,,,,,,,
great,偉大的,5,,,,,,,,,,,,,,,,
green,綠色的,5,,,,,,,,,,,,,,,,
group,群眾,5,,,,,,,,,,,,,,,,
guard,守衛,5,,,,,,,,,,,,,,,,
guess,猜測,5,,,,,,,,,,,,,,,,
guide,引導；導遊,5,,,,,,,,,,,,,,,,
happy,快樂的,5,,,,,,,,,,,,,,,,
heart,心,5,,,,,,,,,,,,,,,,
heavy,沉重的,5,,,,,,,,,,,,,,,,
horse,馬,5,,,,,,,,,,,,,,,,
house,房子,5,,,,,,,,,,,,,,,,
human,人類,5,,,,,,,,,,,,,,,,
humor,幽默,5,,,,,,,,,,,,,,,,
hurry,催促；匆忙,5,,,,,,,,,,,,,,,,
issue,問題；發出,5,,,,,,,,,,,,,,,,
jewel,寶石,5,,,,,,,,,,,,,,,,
joint,聯合的；關鍵,5,,,,,,,,,,,,,,,,
judge,判斷；法官,5,,,,,,,,,,,,,,,,
knife,刀,5,,,,,,,,,,,,,,,,
labor,勞工；努力,5,,,,,,,,,,,,,,,,
large,大的,5,,,,,,,,,,,,,,,,
laugh,笑,5,,,,,,,,,,,,,,,,
learn,學習,5,,,,,,,,,,,,,,,,
least,最小的；最不重要的,5,,,,,,,,,,,,,,,,
leave,離開,5,,,,,,,,,,,,,,,,
legal,法律的,5,,,,,-al,,,,,,,,,,,
level,等級,5,,,,,,,,,,,,,,,,
light,光線；輕巧的,5,,,,,-ight,,,,,,,,,,,
limit,限制,5,,,,,,,,,,,,,,,,
local,本地的,5,,,,,-al,,,,,,,,,,,
loose,鬆的；解開,5,,,,,,,,,,,,,,,,
major,較大的；少校；主修科目,5,,,,,,,,,,,,,,,,
march,行進,5,,,,,,,,,,,,,,,,
marry,結婚,5,,,,,,,,,,,,,,,,
match,符合,5,,,,,,,,,,,,,,,,
mayor,市長,5,,,,,,,,,,,,,,,,
media,媒體,5,,,,,,,,,,,,,,,,
mercy,慈悲,5,,,,,,,,,,,,,,,,
metal,金屬,5,,,,,-al,,,,,,,,,,,
might,力量；可能 (表示不確定),5,,,,,-ight,,,,,,,,,,,
minor,較小的,5,,,,,,,,,,,,,,,,
model,模特兒；模範,5,,,,,,,,,,,,,,,,
money,錢,5,,,,,,,,,,,,,,,,
month,月份,5,,,,,,,,,,,,,,,,
moral,道德的,5,,,,,-al,,,,,,,,,,,
mouth,嘴巴,5,,,,,,,,,,,,,,,,
music,音樂,5,,,,,,,,,,,,,,,,
nerve,神經,5,,,,,,,,,,,,,,,,
never,決不,5,,,,,-er,,,,,,,,,,,
night,夜晚,5,,,,,-ight,,,,,,,,,,,
noise,噪音,5,,,,,,,,,,,,,,,,
north,北方,5,,,,,,,,,,,,,,,,
occur,發生,5,,,,,,,,,,,,,,,,
offer,給予；提議,5,,,,,-er,,,,,,,,,,,
often,通常,5,,,,,,,,,,,,,,,,
order,命令；訂單,5,,,,,-er,,,,,,,,,,,
other,其他的,5,,,,,-er,,,,,,,,,,,
ounce,盎司（重量）,5,,,,,,,,,,,,,,,,
paint,油漆；畫,5,,,,,,,,,,,,,,,,
pants,長褲,5,,,,,,,,,,,,,,,,
paper,紙張,5,,,,,-er,,,,,,,,,,,
party,派對,5,,,,,,,,,,,,,,,,
paste,漿糊；黏貼,5,,,,,,,,,,,,,,,,
peace,和平,5,,,,,,,,,,,,,,,,
piece,一個；一張；一片；一塊；一則,5,,,,,,,,,,,,,,,,
pilot,領航員；飛行員,5,,,,,,,,,,,,,,,,
place,地方；放置,5,,,,,,,,,,,,,,,,
plain,簡樸的；平原,5,,,,,,,,,,,,,,,,
plane,飛機；平面,5,,,,,,,,,,,,,,,,
plant,植物,5,,,,,,,,,,,,,,,,
plate,盤子；薄板,5,,,,,,,,,,,,,,,,
point,點；指向,5,,,,,,,,,,,,,,,,
pound,磅（重量）；搗碎；英鎊,5,,,,,,,,,,,,,,,,
power,力量,5,,,,,-er,,,,,,,,,,,
press,按壓；新聞界,5,,,,pre-,,,,,,,,,,,,
price,價格,5,,,,,,,,,,,,,,,,
print,印刷；列印,5,,,,,,,,,,,,,,,,
prize,獎品,5,,,,,,,,,,,,,,,,
prove,證明,5,,,,,,,,,,,,,,,,
quart,夸脫（容量）,5,,,,,,,,,,,,,,,,
queen,女王；皇后,5,,,,,,,,,,,,,,,,
quick,快速的,5,,,,,,,,,,,,,,,,
quiet,安靜的,5,,,,,,,,,,,,,,,,
quite,相當的,5,,,,,,,,,,,,,,,,
raise,扶養；舉起,5,,,,,,,,,,,,,,,,
range,排；行；一系列；範圍,5,,,,,,,,,,,,,,,,
reach,到達；伸手及到,5,,,,re-,,,,,,,,,,,,
react,反應,5,,,,re-,,,,,,,,,,,,
ready,準備好的,5,,,,re-,,,,,,,,,,,,
right,右邊的；正確的,5,,,,,-ight,,,,,,,,,,,
river,河流,5,,,,,-er,,,,,,,,,,,
rough,粗糙的,5,,,,,,,,,,,,,,,,
round,圓形的；環繞地,5,,,,,,,,,,,,,,,,
scale,刻度；規模；鱗片,5,,,,,,,,,,,,,,,,
scare,使驚嚇,5,,,,,,,,,,,,,,,,
score,分數；樂譜,5,,,,,,,,,,,,,,,,
seize,抓住；理解,5,,,,,,,,,,,,,,,,
sense,感覺,5,,,,,,,,,,,,,,,,
serve,為……服務,5,,,,,,,,,,,,,,,,
shade,陰涼處；庇蔭,5,,,,,,,,,,,,,,,,
shake,搖動,5,,,,,,,,,,,,,,,,
shall,將；會,5,,,,,,,,,,,,,,,,
shame,羞恥；恥辱,5,,,,,,,,,,,,,,,,
shape,形狀；塑形,5,,,,,,,,,,,,,,,,
share,分享；股票；分攤,5,,,,,,,,,,,,,,,,
sharp,鋒利的；敏銳的；明顯的,5,,,,,,,,,,,,,,,,
sheet,床單；一張（紙）,5,,,,,,,,,,,,,,,,
shelf,架子,5,,,,,,,,,,,,,,,,
shell,殼；脫殼,5,,,,,,,,,,,,,,,,
shine,發光；光澤,5,,,,,,,,,,,,,,,,
shirt,襯衫,5,,,,,,,,,,,,,,,,
shock,衝擊；震動；震驚,5,,,,,,,,,,,,,,,,
shoot,射擊；拍攝,5,,,,,,,,,,,,,,,,
short,短的,5,,,,,,,,,,,,,,,,
shout,吼叫,5,,,,,,,,,,,,,,,,
since,自從……,5,,,,,,,,,,,,,,,,
skill,技能,5,,,,,,,,,,,,,,,,
skirt,裙子,5,,,,,,,,,,,,,,,,
slave,奴隸,5,,,,,,,,,,,,,,,,
sleep,睡眠,5,,,,,,,,,,,,,,,,
slide,滑；幻燈片,5,,,,,,,,,,,,,,,,
small,小的,5,,,,,,,,,,,,,,,,
smart,時髦的；機警的,5,,,,,,,,,,,,,,,,
smash,粉碎；猛擊,5,,,,,,,,,,,,,,,,
smell,聞；味道,5,,,,,,,,,,,,,,,,
smile,微笑,5,,,,,,,,,,,,,,,,
smoke,煙；吸（菸）,5,,,,,,,,,,,,,,,,
snack,點心,5,,,,,,,,,,,,,,,,
snake,蛇,5,,,,,,,,,,,,,,,,
solid,固體的；純粹的；堅固的,5,,,,,,,,,,,,,,,,
solve,解決,5,,,,,,,,,,,,,,,,
sorry,感到難過的；抱歉,5,,,,,,,,,,,,,,,,
sound,聲音,5,,,,,,,,,,,,,,,,
south,南方,5,,,,,,,,,,,,,,,,
space,空間,5,,,,,,,,,,,,,,,,
speak,說話,5,,,,,,,,,,,,,,,,
speed,速度,5,,,,,-ed,,,,,,,,,,,
spell,拼字；魔咒,5,,,,,,,,,,,,,,,,
spend,花費,5,,,,,,,,,,,,,,,,
stage,舞台；階段,5,,,,,,,,,,,,,,,,
stamp,郵票；重踩,5,,,,,,,,,,,,,,,,
stand,站立；忍耐,5,,,,,,,,,,,,,,,,
start,開始；突然跳起,5,,,,,,,,,,,,,,,,
state,狀態；陳述；國家,5,,,,,,,,,,,,,,,,
steal,偷竊,5,,,,,-al,,,,,,,,,,,
steam,蒸氣,5,,,,,,,,,,,,,,,,
steel,鋼,5,,,,,,,,,,,,,,,,
stick,枝條；手杖；戳刺；黏住,5,,,,,,,,,,,,,,,,
still,仍然；靜止的,5,,,,,,,,,,,,,,,,
stone,石頭,5,,,,,,,,,,,,,,,,
store,儲存；店舖,5,,,,,,,,,,,,,,,,
storm,暴風雨；橫衝直撞,5,,,,,,,,,,,,,,,,
story,故事,5,,,,,,,,,,,,,,,,
study,學習；書房,5,,,,,,,,,,,,,,,,
sugar,糖,5,,,,,,,,,,,,,,,,
swear,發誓；詛咒,5,,,,,,,,,,,,,,,,
sweet,甜美的,5,,,,,,,,,,,,,,,,
table,桌子,5,,,,,-able,,,,,,,,,,,
taste,口味；嘗,5,,,,,,,,,,,,,,,,
teach,教導,5,,,,,,,,,,,,,,,,
thank,感謝,5,,,,,,,,,,,,,,,,
their,他們的（所有格）,5,,,,,,,,,,,,,,,,
there,那兒,5,,,,,,,,,,,,,,,,
these,這些,5,,,,,,,,,,,,,,,,
thick,厚的；蠢笨的,5,,,,,,,,,,,,,,,,
thing,東西,5,,,,,-ing,,,,,,,,,,,
think,想；思索,5,,,,,,,,,,,,,,,,
third,第三的,5,,,,,,,,,,,,,,,,
those,那些,5,,,,,,,,,,,,,,,,
throw,丟；擲,5,,,,,,,,,,,,,,,,
tight,緊的；嚴格的,5,,,,,-ight,,,,,,,,,,,
title,頭銜,5,,,,,,,,,,,,,,,,
today,今天；現在,5,,,,,,,,,,,,,,,,
tooth,牙齒,5,,,,,,,,,,,,,,,,
total,總計的；完全的,5,,,,,-al,,,,,,,,,,,
touch,接觸,5,,,,,,,,,,,,,,,,
track,行蹤；軌道；追蹤,5,,,,,,,,,,,,,,,,
trade,交易,5,,,,,,,,,,,,,,,,
train,火車,5,,,,,,,,,,,,,,,,
treat,招待；對待,5,,,,,,,,,,,,,,,,
trial,審判；嘗試,5,,,,,-al,,,,,,,,,,,
tribe,部落,5,,,,,,,,,,,,,,,,
trick,詭計；哄騙,5,,,,,,,,,,,,,,,,
troop,軍隊,5,,,,,,,,,,,,,,,,
truck,卡車,5,,,,,,,,,,,,,,,,
trust,信任,5,,,,,,,,,,,,,,,,
twice,兩次,5,,,,,,,,,,,,,,,,
under,在……之下,5,,,,un-;under-,-er,,,,,,,,,,,
until,直到,5,,,,un-,,,,,,,,,,,,
value,價值；看重,5,,,,,,,,,,,,,,,,
visit,拜訪,5,,,,,,,,,,,,,,,,
voice,聲音,5,,,,,,,,,,,,,,,,
waste,浪費；廢物,5,,,,,,,,,,,,,,,,
watch,手錶；看守；觀看,5,,,,,,,,,,,,,,,,
water,水；澆水,5,,,,,-er,,,,,,,,,,,
wheat,小麥,5,,,,,,,,,,,,,,,,
wheel,輪子；方向盤,5,,,,,,,,,,,,,,,,
where,哪裡,5,,,,,,,,,,,,,,,,
which,哪一個,5,,,,,,,,,,,,,,,,
while,一會兒；當……的時候；雖然,5,,,,,,,,,,,,,,,,
white,白色的,5,,,,,,,,,,,,,,,,
whole,整個的,5,,,,,,,,,,,,,,,,
woman,女人,5,,,,,,,,,,,,,,,,
world,世界,5,,,,,,,,,,,,,,,,
worry,擔憂,5,,,,,,,,,,,,,,,,
worse,更壞的；更糟糕的,5,,,,,,,,,,,,,,,,
worth,值得；價值,5,,,,,,,,,,,,,,,,
wound,創傷；傷口,5,,,,,,,,,,,,,,,,
wreck,失事；殘骸,5,,,,,,,,,,,,,,,,
write,寫,5,,,,,,,,,,,,,,,,
wrong,錯誤的,5,,,,,,,,,,,,,,,,
young,年輕的,5,,,,,,,,,,,,,,,,
almost,幾乎,6,,,,,,,,,,,,,,,,
always,永遠；一直,6,,,,,,,,,,,,,,,,
amount,數量,6,,,,,,,,,,,,,,,,
answer,答案,6,,,,,-er,,,,,,,,,,,
appeal,上訴；懇求,6,,,,,-al,,,,,,,,,,,
appear,出現,6,,,,,,,,,,,,,,,,
around,到處；在……四周,6,,,,,,,,,,,,,,,,
arrest,逮捕,6,,,,,-est,,,,,,,,,,,
belong,屬於,6,,,,,,,,,,,,,,,,
beside,除……之外,6,,,,,,,,,,,,,,,,
betray,背叛,6,,,,,,,,,,,,,,,,
better,更好的,6,,,,,-er,,,,,,,,,,,
border,邊界,6,,,,,-er,,,,,,,,,,,
borrow,借用,6,,,,,,,,,,,,,,,,
bottle,瓶子,6,,,,,,,,,,,,,,,,
bottom,底,6,,,,,,,,,,,,,,,,
branch,分支,6,,,,,,,,,,,,,,,,
common,常見的,6,,,,,,,,,,,,,,,,
corner,角落,6,,,,,-er,,,,,,,,,,,
cotton,棉花,6,,,,,,,,,,,,,,,,
course,課程,6,,,,,,,,,,,,,,,,
create,創造,6,,,,,,,,,,,,,,,,
credit,信用；賒帳,6,,,,,,,,,,,,,,,,
crisis,危機,6,,,,,,,,,,,,,,,,
custom,習俗,6,,,,,,,,,,,,,,,,
damage,損失,6,,,,,,,,,,,,,,,,
danger,危險,6,,,,,-er,,,,,,,,,,,
debate,辯論,6,,,,,,,,,,,,,,,,
decide,決定,6,,,,,,,,,,,,,,,,
defeat,擊敗,6,,,,,,,,,,,,,,,,
defend,防禦,6,,,,,,,,,,,,,,,,
define,定義,6,,,,,,,,,,,,,,,,
degree,程度；學位,6,,,,,,,,,,,,,,,,
demand,命令,6,,,,,,,,,,,,,,,,
depend,信賴,6,,,,,,,,,,,,,,,,
deploy,部署,6,,,,,,,,,,,,,,,,
desert,沙漠；拋棄,6,,,,,,,,,,,,,,,,
design,設計,6,,,,,,,,,,,,,,,,
desire,慾望,6,,,,,,,,,,,,,,,,
detail,細節,6,,,,,,,,,,,,,,,,
device,裝置,6,,,,,,,,,,,,,,,,
differ,不同,6,,,,,-er,,,,,,,,,,,
dinner,晚餐,6,,,,,-er,,,,,,,,,,,
direct,直接的,6,,,,,,,,,,,,,,,,
divide,分隔,6,,,,,,,,,,,,,,,,
doctor,醫生,6,,,,,,,,,,,,,,,,
during,在……期間,6,,,,,-ing,,,,,,,,,,,
effect,影響,6,,,,,,,,,,,,,,,,
effort,努力,6,,,,,,,,,,,,,,,,
either,（兩者中）任一的,6,,,,,-er,,,,,,,,,,,
employ,雇用；使用,6,,,,,,,,,,,,,,,,
engine,引擎,6,,,,,,,,,,,,,,,,
enough,足夠的,6,,,,,,,,,,,,,,,,
equate,等同,6,,,,,,,,,,,,,,,,
escape,逃脫,6,,,,,,,,,,,,,,,,
ethnic,種族的,6,,,,,,,,,,,,,,,,
except,除……外,6,,,,,,,,,,,,,,,,
excuse,藉口,6,,,,,,,,,,,,,,,,
expand,擴展,6,,,,,,,,,,,,,,,,
expect,期待,6,,,,,,,,,,,,,,,,
expert,專家,6,,,,,,,,,,,,,,,,
export,輸出；出口,6,,,,,,,,,,,,,,,,
extend,延伸,6,,,,,,,,,,,,,,,,
family,家庭,6,,,,,-ly,,,,,,,,,,,
famous,有名的,6,,,,,-ous,,,,,,,,,,,
father,父親,6,,,,,-er,,,,,,,,,,,
female,女性,6,,,,,,,,,,,,,,,,
fierce,兇猛的；狂熱的,6,,,,,,,,,,,,,,,,
figure,外形；數字；計算,6,,,,,,,,,,,,,,,,
finger,手指,6,,,,,-er,,,,,,,,,,,
finish,完成,6,,,,,,,,,,,,,,,,
flower,花,6,,,,,-er,,,,,,,,,,,
follow,追隨,6,,,,,,,,,,,,,,,,
forbid,禁止,6,,,,,,,,,,,,,,,,
forest,森林,6,,,,,-est,,,,,,,,,,,
forget,忘記,6,,,,,,,,,,,,,,,,
former,之前的,6,,,,,-er,,,,,,,,,,,
freeze,結冰,6,,,,,,,,,,,,,,,,
friend,朋友,6,,,,,,,,,,,,,,,,
future,未來,6,,,,,,,,,,,,,,,,
gallon,加侖（容量）,6,,,,,,,,,,,,,,,,
garden,花園,6,,,,,,,,,,,,,,,,
gather,集合,6,,,,,-er,,,,,,,,,,,
gentle,溫和的,6,,,,,,,,,,,,,,,,
global,全球的,6,,,,,-al,,,,,,,,,,,
govern,掌管,6,,,,,,,,,,,,,,,,
ground,地面；基礎,6,,,,,,,,,,,,,,,,
guilty,有罪的,6,,,,,,,,,,,,,,,,
happen,發生,6,,,,,,,,,,,,,,,,
health,健康,6,,,,,,,,,,,,,,,,
hijack,劫持,6,,,,,,,,,,,,,,,,
hollow,空的,6,,,,,,,,,,,,,,,,
honest,誠實的,6,,,,,-est,,,,,,,,,,,
hunger,飢餓,6,,,,,-er,,,,,,,,,,,
import,輸入；進口,6,,,,,,,,,,,,,,,,
infect,傳染,6,,,,in-,,,,,,,,,,,,
inform,通知,6,,,,in-,,,,,,,,,,,,
inject,注射,6,,,,in-,,,,,,,,,,,,
injure,傷害,6,,,,in-,,,,,,,,,,,,
insane,瘋狂的,6,,,,in-,,,,,,,,,,,,
insect,昆蟲,6,,,,in-,,,,,,,,,,,,
insult,侮辱,6,,,,in-,,,,,,,,,,,,
invade,侵入,6,,,,in-,,,,,,,,,,,,
invent,發明,6,,,,in-,,,,,,,,,,,,
invest,投資,6,,,,in-,-est,,,,,,,,,,,
invite,邀請,6,,,,in-,,,,,,,,,,,,
island,島,6,,,,,,,,,,,,,,,,
jacket,外套,6,,,,,,,,,,,,,,,,
length,長度,6,,,,,,,,,,,,,,,,
letter,信件,6,,,,,-er,,,,,,,,,,,
liquid,液體,6,,,,,,,,,,,,,,,,
listen,聆聽,6,,,,,,,,,,,,,,,,
little,小的,6,,,,,,,,,,,,,,,,
locate,確定……的地點,6,,,,,,,,,,,,,,,,
market,市場,6,,,,,,,,,,,,,,,,
master,熟練；大師,6,,,,,-er,,,,,,,,,,,
matter,事情；物質,6,,,,,-er,,,,,,,,,,,
member,成員,6,,,,,-er,,,,,,,,,,,
memory,記憶,6,,,,,,,,,,,,,,,,
mental,心理的；精神病的,6,,,,,-al,,,,,,,,,,,
method,方法,6,,,,,,,,,,,,,,,,
middle,中間的,6,,,,,,,,,,,,,,,,
modern,現代的,6,,,,,,,,,,,,,,,,
mother,母親,6,,,,,-er,,,,,,,,,,,
motion,（物體的）運動,6,,,,,-tion,,,,,,,,,,,
murder,謀殺,6,,,,,-er,,,,,,,,,,,
muscle,肌肉,6,,,,,,,,,,,,,,,,
narrow,窄的,6,,,,,,,,,,,,,,,,
nation,國家,6,,,,,-tion,,,,,,,,,,,
native,天生的；本土的,6,,,,,-ive,,,,,,,,,,,
normal,正常的,6,,,,,-al,,,,,,,,,,,
notice,注意,6,,,,,,,,,,,,,,,,
number,數字,6,,,,,-er,,,,,,,,,,,
object,物體；反對,6,,,,,,,,,,,,,,,,
occupy,佔領,6,,,,,,,,,,,,,,,,
office,辦公室,6,,,,,,,,,,,,,,,,
parade,行進；遊行,6,,,,,,,,,,,,,,,,
parcel,包裹,6,,,,,,,,,,,,,,,,
parent,父親或母親,6,,,,,,,,,,,,,,,,
pencil,鉛筆,6,,,,,,,,,,,,,,,,
people,人,6,,,,,,,,,,,,,,,,
period,期間,6,,,,,,,,,,,,,,,,
permit,允許,6,,,,,,,,,,,,,,,,
person,人,6,,,,,,,,,,,,,,,,
please,請；討好,6,,,,,,,,,,,,,,,,
plenty,豐富的,6,,,,,,,,,,,,,,,,
pocket,口袋,6,,,,,,,,,,,,,,,,
poison,毒藥,6,,,,,,,,,,,,,,,,
policy,政策,6,,,,,,,,,,,,,,,,
potato,馬鈴薯,6,,,,,,,,,,,,,,,,
powder,粉末,6,,,,,-er,,,,,,,,,,,
praise,讚美,6,,,,,,,,,,,,,,,,
pretty,漂亮的,6,,,,pre-,,,,,,,,,,,,
prison,監獄,6,,,,,,,,,,,,,,,,
profit,利潤,6,,,,,,,,,,,,,,,,
public,公開的,6,,,,,,,,,,,,,,,,
punish,處罰,6,,,,,,,,,,,,,,,,
rather,相當,6,,,,,-er,,,,,,,,,,,
reason,理由,6,,,,re-,,,,,,,,,,,,
record,記錄；錄音；紀錄；唱片,6,,,,re-,,,,,,,,,,,,
reduce,減少,6,,,,re-,,,,,,,,,,,,
refuse,拒絕；廢物,6,,,,re-,,,,,,,,,,,,
regret,後悔,6,,,,re-,,,,,,,,,,,,
reject,拒絕；駁回,6,,,,re-,,,,,,,,,,,,
remain,剩下；餘留,6,,,,re-,,,,,,,,,,,,
remove,移開,6,,,,re-,,,,,,,,,,,,
repair,修復,6,,,,re-,,,,,,,,,,,,
repeat,重複,6,,,,re-,,,,,,,,,,,,
report,報告,6,,,,re-,,,,,,,,,,,,
rescue,援助,6,,,,re-,,,,,,,,,,,,
resign,辭職,6,,,,re-,,,,,,,,,,,,
resist,抗拒,6,,,,re-,,,,,,,,,,,,
result,結果,6,,,,re-,,,,,,,,,,,,
retire,退休,6,,,,re-,,,,,,,,,,,,
return,返回,6,,,,re-,,,,,,,,,,,,
revolt,反叛；噁心,6,,,,re-,,,,,,,,,,,,
reward,報酬,6,,,,re-,,,,,,,,,,,,
rocket,火箭,6,,,,,,,,,,,,,,,,
rubber,橡皮,6,,,,,-er,,,,,,,,,,,
school,學校,6,,,,,,,,,,,,,,,,
script,筆跡；腳本,6,,,,,,,,,,,,,,,,
search,尋找,6,,,,,,,,,,,,,,,,
season,季節,6,,,,,,,,,,,,,,,,
second,第二個；秒,6,,,,,,,,,,,,,,,,
secret,秘密,6,,,,,,,,,,,,,,,,
seldom,不常；很少,6,,,,,,,,,,,,,,,,
senate,（美國的）參議院；立法機構,6,,,,,,,,,,,,,,,,
series,系列,6,,,,,,,,,,,,,,,,
settle,安頓；沈澱；定居,6,,,,,,,,,,,,,,,,
severe,嚴重的,6,,,,,,,,,,,,,,,,
should,應該,6,,,,,,,,,,,,,,,,
shrink,縮小,6,,,,,,,,,,,,,,,,
signal,信號,6,,,,,-al,,,,,,,,,,,
silver,銀色的；銀,6,,,,,-er,,,,,,,,,,,
simple,簡單的,6,,,,,,,,,,,,,,,,
single,單一的；單身的,6,,,,,,,,,,,,,,,,
sister,姊妹,6,,,,,-er,,,,,,,,,,,
smooth,平滑的,6,,,,,,,,,,,,,,,,
sneeze,打噴嚏,6,,,,,,,,,,,,,,,,
social,社會的；社交的,6,,,,,-al,,,,,,,,,,,
speech,說話能力；演說,6,,,,,,,,,,,,,,,,
spirit,精神,6,,,,,,,,,,,,,,,,
spread,伸展；塗抹；桌巾,6,,,,,,,,,,,,,,,,
spring,春天；泉水,6,,,,,-ing,,,,,,,,,,,
square,正方形；廣場,6,,,,,,,,,,,,,,,,
stairs,樓梯,6,,,,,,,,,,,,,,,,
starve,餓死；極需要,6,,,,,,,,,,,,,,,,
status,狀態；地位,6,,,,,,,,,,,,,,,,
stream,小河；流動,6,,,,,,,,,,,,,,,,
street,街道,6,,,,,,,,,,,,,,,,
strike,打擊；罷工,6,,,,,,,,,,,,,,,,
string,細繩；一串,6,,,,,-ing,,,,,,,,,,,
strong,強壯的,6,,,,,,,,,,,,,,,,
stupid,愚笨的,6,,,,,,,,,,,,,,,,
sudden,突然的,6,,,,,,,,,,,,,,,,
suffer,遭受,6,,,,,-er,,,,,,,,,,,
summer,夏天,6,,,,,-er,,,,,,,,,,,
supply,供給,6,,,,,-ly,,,,,,,,,,,
symbol,符號,6,,,,,,,,,,,,,,,,
system,系統,6,,,,,,,,,,,,,,,,
target,目標,6,,,,,,,,,,,,,,,,
terror,恐怖,6,,,,,,,,,,,,,,,,
theirs,他們的（名詞）,6,,,,,,,,,,,,,,,,
theory,理論,6,,,,,,,,,,,,,,,,
though,雖然,6,,,,,,,,,,,,,,,,
tongue,舌頭；語言,6,,,,,,,,,,,,,,,,
toward,朝著……,6,,,,,,,,,,,,,,,,
travel,旅行,6,,,,,,,,,,,,,,,,
treaty,條約,6,,,,,,,,,,,,,,,,
unless,除非,6,,,,un-,-less,,,,,,,,,,,
valley,山谷,6,,,,,,,,,,,,,,,,
victim,受害者,6,,,,,,,,,,,,,,,,
volume,音量,6,,,,,,,,,,,,,,,,
wealth,財富,6,,,,,,,,,,,,,,,,
weapon,武器,6,,,,,,,,,,,,,,,,
weight,重量,6,,,,,-ight,,,,,,,,,,,
window,窗戶,6,,,,,,,,,,,,,,,,
winter,作家,6,,,,,-er,,,,,,,,,,,
wonder,納悶；想知道,6,,,,,-er,,,,,,,,,,,
yellow,黃色（的）,6,,,,,,,,,,,,,,,,
already,已經,7,,,,,,,,,,,,,,,,
another,另一個,7,,,,,-er,,,,,,,,,,,
appoint,指派,7,,,,,,,,,,,,,,,,
approve,批准,7,,,,,,,,,,,,,,,,
between,在……之間,7,,,,,,,,,,,,,,,,
blanket,毛毯,7,,,,,,,,,,,,,,,,
boycott,杯葛,7,,,,,,,,,,,,,,,,
combine,結合,7,,,,,,,,,,,,,,,,
comfort,舒適,7,,,,,,,,,,,,,,,,
command,命令,7,,,,,,,,,,,,,,,,
comment,評論,7,,,,,-ment,,,,,,,,,,,
company,公司；陪伴,7,,,,,,,,,,,,,,,,
compare,比較,7,,,,,,,,,,,,,,,,
compete,競爭,7,,,,,,,,,,,,,,,,
concern,關切,7,,,,con-,,,,,,,,,,,,
condemn,責備,7,,,,con-,,,,,,,,,,,,
confirm,確認,7,,,,con-,,,,,,,,,,,,
connect,連接,7,,,,con-,,,,,,,,,,,,
contact,接觸,7,,,,con-,,,,,,,,,,,,
contain,包含,7,,,,con-,,,,,,,,,,,,
control,控制,7,,,,con-,,,,,,,,,,,,
correct,正確的,7,,,,,,,,,,,,,,,,
country,國家；鄉間,7,,,,,,,,,,,,,,,,
culture,文化,7,,,,,,,,,,,,,,,,
current,目前的,7,,,,,,,,,,,,,,,,
declare,宣布；聲明,7,,,,,,,,,,,,,,,,
deliver,運送,7,,,,,-er,,,,,,,,,,,
destroy,毀滅,7,,,,,,,,,,,,,,,,
develop,發展,7,,,,,,,,,,,,,,,,
discuss,討論,7,,,,dis-,,,,,,,,,,,,
disease,疾病,7,,,,dis-,,,,,,,,,,,,
dismiss,讓……離開；解散,7,,,,dis-,,,,,,,,,,,,
dispute,爭論,7,,,,dis-,,,,,,,,,,,,
elastic,有彈性的；鬆緊帶,7,,,,,,,,,,,,,,,,
element,元素,7,,,,,-ment,,,,,,,,,,,
embassy,大使館,7,,,,,,,,,,,,,,,,
emotion,情緒,7,,,,,-tion,,,,,,,,,,,
enforce,實施；強制,7,,,,,,,,,,,,,,,,
example,例子,7,,,,,,,,,,,,,,,,
execute,執行,7,,,,,,,,,,,,,,,,
expense,花費,7,,,,,,,,,,,,,,,,
explain,解釋,7,,,,,,,,,,,,,,,,
explode,爆炸,7,,,,,,,,,,,,,,,,
explore,探索,7,,,,,,,,,,,,,,,,
express,表達；快車,7,,,,,,,,,,,,,,,,
extreme,極端的,7,,,,,,,,,,,,,,,,
factory,工廠,7,,,,,,,,,,,,,,,,
feather,羽毛,7,,,,,-er,,,,,,,,,,,
feature,特色；專欄,7,,,,,,,,,,,,,,,,
fertile,多產的；能生育的,7,,,,,,,,,,,,,,,,
finance,財務,7,,,,,,,,,,,,,,,,
foreign,外國的,7,,,,,,,,,,,,,,,,
forgive,原諒,7,,,,,-ive,,,,,,,,,,,
forward,向前的,7,,,,,,,,,,,,,,,,
general,一般的；將軍,7,,,,,-al,,,,,,,,,,,
history,歷史,7,,,,,,,,,,,,,,,,
holiday,假期,7,,,,,,,,,,,,,,,,
hostage,人質,7,,,,,,,,,,,,,,,,
hostile,有敵意的,7,,,,,,,,,,,,,,,,
however,然而,7,,,,,-er,,,,,,,,,,,
husband,丈夫,7,,,,,,,,,,,,,,,,
imagine,想像,7,,,,,,,,,,,,,,,,
improve,改善,7,,,,,,,,,,,,,,,,
include,包括,7,,,,in-,,,,,,,,,,,,
inspect,檢查,7,,,,in-,,,,,,,,,,,,
instead,作為替代；反而,7,,,,in-,,,,,,,,,,,,
intense,緊繃的,7,,,,in-,,,,,,,,,,,,
involve,牽涉,7,,,,in-,,,,,,,,,,,,
kitchen,廚房,7,,,,,,,,,,,,,,,,
measure,測量,7,,,,,,,,,,,,,,,,
message,訊息,7,,,,,,,,,,,,,,,,
mistake,錯誤,7,,,,mis-,,,,,,,,,,,,
morning,早晨,7,,,,,-ing,,,,,,,,,,,
mystery,神秘的事物,7,,,,,,,,,,,,,,,,
neither,兩者都不,7,,,,,-er,,,,,,,,,,,
neutral,中立的；中性的,7,,,,,-al,,,,,,,,,,,
nothing,無事,7,,,,,-ing,,,,,,,,,,,
nowhere,任何地方都不,7,,,,,,,,,,,,,,,,
observe,觀察,7,,,,,,,,,,,,,,,,
officer,軍官；公務員；警官,7,,,,,-er,,,,,,,,,,,
operate,操作；運作,7,,,,,,,,,,,,,,,,
opinion,意見,7,,,,,,,,,,,,,,,,
oppress,壓迫,7,,,,,,,,,,,,,,,,
patient,病人；耐心的,7,,,,,,,,,,,,,,,,
pattern,型態；模式,7,,,,,,,,,,,,,,,,
percent,百分比,7,,,,,,,,,,,,,,,,
perfect,完美的,7,,,,,,,,,,,,,,,,
perform,表演；表現,7,,,,,,,,,,,,,,,,
perhaps,或許,7,,,,,,,,,,,,,,,,
picture,圖片；畫；想像,7,,,,,,,,,,,,,,,,
plastic,塑膠的,7,,,,,,,,,,,,,,,,
pollute,污染,7,,,,,,,,,,,,,,,,
popular,受歡迎的,7,,,,,,,,,,,,,,,,
possess,擁有,7,,,,,,,,,,,,,,,,
present,現在的；禮物,7,,,,pre-,,,,,,,,,,,,
prevent,防止,7,,,,pre-,,,,,,,,,,,,
private,私人的,7,,,,,,,,,,,,,,,,
problem,問題,7,,,,,,,,,,,,,,,,
process,流程；處理,7,,,,,,,,,,,,,,,,
product,產品,7,,,,,,,,,,,,,,,,
program,節目,7,,,,,,,,,,,,,,,,
project,專案；企畫,7,,,,,,,,,,,,,,,,
propose,提議；求婚,7,,,,,,,,,,,,,,,,
protect,保護,7,,,,,,,,,,,,,,,,
protest,抗議,7,,,,,-est,,,,,,,,,,,
provide,提供,7,,,,,,,,,,,,,,,,
publish,出版,7,,,,,,,,,,,,,,,,
purpose,目的,7,,,,,,,,,,,,,,,,
quality,品質,7,,,,,,,,,,,,,,,,
quarter,四分之一；區,7,,,,,-er,,,,,,,,,,,
receive,接待；接到,7,,,,re-,-ive,,,,,,,,,,,
recover,重新找到；恢復健康,7,,,,re-,-er,,,,,,,,,,,
refugee,難民,7,,,,re-,,,,,,,,,,,,
regular,規律的；老顧客,7,,,,re-,,,,,,,,,,,,
release,釋放；發行,7,,,,re-,,,,,,,,,,,,
request,要求,7,,,,re-,-est,,,,,,,,,,,
require,詢問,7,,,,re-,,,,,,,,,,,,
respect,尊敬,7,,,,re-,,,,,,,,,,,,
satisfy,使滿意,7,,,,,,,,,,,,,,,,
science,科學,7,,,,,,,,,,,,,,,,
section,切下的部分；片；條款；把……分成段,7,,,,,-tion,,,,,,,,,,,
serious,嚴重的；認真的,7,,,,,-ous,,,,,,,,,,,
several,數個,7,,,,,-al,,,,,,,,,,,
shelter,避難所；遮蔽,7,,,,,-er,,,,,,,,,,,
silence,寂靜,7,,,,,,,,,,,,,,,,
similar,類似的,7,,,,,,,,,,,,,,,,
society,社會,7,,,,,,,,,,,,,,,,
soldier,士兵,7,,,,,-er,,,,,,,,,,,
special,特別的,7,,,,,-al,,,,,,,,,,,
station,車站,7,,,,,-tion,,,,,,,,,,,
stomach,胃；腹部,7,,,,,,,,,,,,,,,,
strange,奇怪的；陌生的,7,,,,,,,,,,,,,,,,
stretch,伸展,7,,,,,,,,,,,,,,,,
subject,主題；實驗對象；受……支配的,7,,,,sub-,,,,,,,,,,,,
succeed,成功,7,,,,,-ed,,,,,,,,,,,
suggest,提議,7,,,,,-est,,,,,,,,,,,
support,支持,7,,,,,,,,,,,,,,,,
suppose,猜想,7,,,,,,,,,,,,,,,,
surface,表面,7,,,,,,,,,,,,,,,,
survive,存活,7,,,,,-ive,,,,,,,,,,,
suspect,懷疑；嫌疑犯,7,,,,,,,,,,,,,,,,
suspend,懸掛；使中止,7,,,,,,,,,,,,,,,,
swallow,吞嚥；燕子,7,,,,,,,,,,,,,,,,
theater,劇場；電影院,7,,,,,-er,,,,,,,,,,,
thought,想法,7,,,,,,,,,,,,,,,,
through,穿過；完成的,7,,,,,,,,,,,,,,,,
tonight,今晚,7,,,,,-ight,,,,,,,,,,,
traffic,交通,7,,,,,,,,,,,,,,,,
treason,叛國,7,,,,,,,,,,,,,,,,
trouble,麻煩；使煩躁,7,,,,,,,,,,,,,,,,
vehicle,運載工具；媒介,7,,,,,,,,,,,,,,,,
version,版本,7,,,,,-sion,,,,,,,,,,,
vicious,邪惡的,7,,,,,-ous,,,,,,,,,,,
victory,勝利,7,,,,,,,,,,,,,,,,
weather,天氣,7,,,,,-er,,,,,,,,,,,
welcome,歡迎,7,,,,,,,,,,,,,,,,
whether,是否,7,,,,,-er,,,,,,,,,,,
without,沒有……,7,,,,,,,,,,,,,,,,
although,儘管；雖然,8,,,,,,,,,,,,,,,,
announce,宣布,8,,,,,,,,,,,,,,,,
complete,完成；完整的,8,,,,,,,,,,,,,,,,
computer,電腦,8,,,,,-er,,,,,,,,,,,
congress,代表大會；聚會,8,,,,con-,,,,,,,,,,,,
consider,考慮,8,,,,con-,-er,,,,,,,,,,,
continue,繼續,8,,,,con-,,,,,,,,,,,,
criteria,準則,8,,,,,,,,,,,,,,,,
daughter,女兒,8,,,,,-er,,,,,,,,,,,
decrease,減少,8,,,,,,,,,,,,,,,,
delicate,需要小心處理的,8,,,,,,,,,,,,,,,,
denounce,指責,8,,,,,,,,,,,,,,,,
describe,描述,8,,,,,,,,,,,,,,,,
diplomat,外交官,8,,,,,,,,,,,,,,,,
discover,發現,8,,,,dis-,-er,,,,,,,,,,,
distance,距離,8,,,,dis-,,,,,,,,,,,,
document,文件,8,,,,,-ment,,,,,,,,,,,
estimate,估計,8,,,,,,,,,,,,,,,,
evidence,證據,8,,,,,,,,,,,,,,,,
exchange,交換,8,,,,,,,,,,,,,,,,
exercise,練習,8,,,,,,,,,,,,,,,,
frighten,使驚恐,8,,,,,,,,,,,,,,,,
horrible,可怕的,8,,,,,-ible,,,,,,,,,,,
hospital,醫院,8,,,,,-al,,,,,,,,,,,
identify,識別,8,,,,,,,,,,,,,,,,
incident,事件,8,,,,in-,,,,,,,,,,,,
increase,增加,8,,,,in-,,,,,,,,,,,,
indicate,指出,8,,,,in-,,,,,,,,,,,,
industry,工業；產業,8,,,,in-,,,,,,,,,,,,
innocent,無辜的,8,,,,in-,,,,,,,,,,,,
interest,興趣；利息,8,,,,in-;inter-,-est,,,,,,,,,,,
language,語言,8,,,,,,,,,,,,,,,,
material,材料,8,,,,,-al,,,,,,,,,,,
military,軍事的；軍隊,8,,,,,,,,,,,,,,,,
minister,部長；牧師,8,,,,,-er,,,,,,,,,,,
moderate,適度的,8,,,,,,,,,,,,,,,,
mountain,山,8,,,,,,,,,,,,,,,,
neighbor,鄰居,8,,,,,,,,,,,,,,,,
opposite,相反的,8,,,,,,,,,,,,,,,,
organize,組織,8,,,,,,,,,,,,,,,,
physical,物理的；身體的,8,,,,,-al,,,,,,,,,,,
politics,政治,8,,,,,,,,,,,,,,,,
position,位置；地位,8,,,,,-tion,,,,,,,,,,,
possible,可能的,8,,,,,-ible,,,,,,,,,,,
postpone,延後,8,,,,post-,,,,,,,,,,,,
practice,練習,8,,,,,,,,,,,,,,,,
pregnant,懷孕的,8,,,,pre-,,,,,,,,,,,,
progress,進度,8,,,,,,,,,,,,,,,,
property,財產；房地產,8,,,,,,,,,,,,,,,,
purchase,購買,8,,,,,,,,,,,,,,,,
question,問題,8,,,,,-tion,,,,,,,,,,,
relation,關係,8,,,,re-,-tion,,,,,,,,,,,
remember,記得,8,,,,re-,-er,,,,,,,,,,,
research,研究,8,,,,re-,,,,,,,,,,,,
resource,資源,8,,,,re-,,,,,,,,,,,,
restrain,抑制,8,,,,re-,,,,,,,,,,,,
security,安全,8,,,,,,,,,,,,,,,,
sentence,句子,8,,,,,,,,,,,,,,,,
separate,分開；分開的,8,,,,,,,,,,,,,,,,
straight,筆直的；直接的,8,,,,,-ight,,,,,,,,,,,
struggle,挣扎,8,,,,,,,,,,,,,,,,
suppress,抑制,8,,,,,,,,,,,,,,,,
surprise,驚喜,8,,,,,,,,,,,,,,,,
surround,圍繞,8,,,,,,,,,,,,,,,,
sympathy,同情心,8,,,,,,,,,,,,,,,,
terrible,可怕的,8,,,,,-ible,,,,,,,,,,,
threaten,威脅,8,,,,,,,,,,,,,,,,
together,一起,8,,,,,-er,,,,,,,,,,,
tomorrow,明天,8,,,,,,,,,,,,,,,,
treasure,寶藏；珍視,8,,,,,,,,,,,,,,,,
universe,宇宙,8,,,,un-,,,,,,,,,,,,
violence,暴力,8,,,,,,,,,,,,,,,,
withdraw,抽回；退出,8,,,,,,,,,,,,,,,,
apartment,公寓,9,,,,,-ment,,,,,,,,,,,
apologize,道歉,9,,,,,,,,,,,,,,,,
committee,委員會,9,,,,,,,,,,,,,,,,
community,社區,9,,,,,,,,,,,,,,,,
condition,情況,9,,,,con-,-tion,,,,,,,,,,,
continent,大陸,9,,,,con-,,,,,,,,,,,,
cooperate,合作,9,,,,,,,,,,,,,,,,
criticize,批評,9,,,,,,,,,,,,,,,,
departure,離開,9,,,,,,,,,,,,,,,,
difficult,困難的,9,,,,,,,,,,,,,,,,
disappear,消失,9,,,,dis-,,,,,,,,,,,,
education,教育,9,,,,,-tion,,,,,,,,,,,
emergency,緊急事件,9,,,,,,,,,,,,,,,,
entertain,娛樂,9,,,,,,,,,,,,,,,,
equipment,設備,9,,,,,-ment,,,,,,,,,,,
establish,建立,9,,,,,,,,,,,,,,,,
evaporate,蒸發,9,,,,,,,,,,,,,,,,
guarantee,保證,9,,,,,,,,,,,,,,,,
important,重要的,9,,,,,,,,,,,,,,,,
influence,影響,9,,,,in-,,,,,,,,,,,,
insurance,保險,9,,,,in-,,,,,,,,,,,,
interfere,妨礙；介入,9,,,,in-;inter-,,,,,,,,,,,,
necessary,必須的,9,,,,,,,,,,,,,,,,
offensive,冒犯的,9,,,,,-ive,,,,,,,,,,,
passenger,乘客,9,,,,,-er,,,,,,,,,,,
permanent,永久的,9,,,,,,,,,,,,,,,,
professor,教授,9,,,,,,,,,,,,,,,,
radiation,放射線；發光,9,,,,,-tion,,,,,,,,,,,
recognize,認出；識別,9,,,,re-,,,,,,,,,,,,
represent,代表,9,,,,re-,,,,,,,,,,,,
situation,處境；位置,9,,,,,-tion,,,,,,,,,,,
structure,結構,9,,,,,,,,,,,,,,,,
substance,物質,9,,,,sub-,,,,,,,,,,,,
supervise,監督,9,,,,,,,,,,,,,,,,
territory,領土,9,,,,,,,,,,,,,,,,
tradition,傳統,9,,,,,-tion,,,,,,,,,,,
transport,運輸,9,,,,,,,,,,,,,,,,
vegetable,蔬菜,9,,,,,-able,,,,,,,,,,,
yesterday,昨天,9,,,,,,,,,,,,,,,,
compromise,妥協,10,,,,,,,,,,,,,,,,
conference,會議,10,,,,con-,,,,,,,,,,,,
depression,沮喪,10,,,,,-sion,,,,,,,,,,,
especially,特別地,10,,,,,-ly,,,,,,,,,,,
experience,經驗,10,,,,,,,,,,,,,,,,
experiment,實驗,10,,,,,-ment,,,,,,,,,,,
individual,個人的,10,,,,in-,-al,,,,,,,,,,,
laboratory,實驗室,10,,,,,,,,,,,,,,,,
parliament,議會；國會,10,,,,,-ment,,,,,,,,,,,
resolution,決心,10,,,,re-,-tion,,,,,,,,,,,
substitute,取代,10,,,,sub-,,,,,,,,,,,,
understand,明白,10,,,,un-;under-,,,,,,,,,,,,
communicate,溝通,11,,,,,,,,,,,,,,,,
consumption,消耗；消費,11,,,,con-,-tion,,,,,,,,,,,
demonstrate,示範；證明,11,,,,,,,,,,,,,,,,
electricity,電力,11,,,,,,,,,,,,,,,,
environment,環境,11,,,,,-ment,,,,,,,,,,,
independent,獨立的,11,,,,in-,,,,,,,,,,,,
investigate,調查,11,,,,in-,,,,,,,,,,,,
manufacture,製造,11,,,,,,,,,,,,,,,,
opportunity,機會,11,,,,,,,,,,,,,,,,
responsible,負責的,11,,,,re-,-ible,,,,,,,,,,,
congratulate,恭賀,12,,,,con-,,,,,,,,,,,,
intelligence,智力,12,,,,in-,,,,,,,,,,,,
international,國際的,13,,,,in-;inter-,-al,,,,,,,,,,,
miscellaneous,混雜的；各式樣的,13,,,,mis-,-ous,,,,,,,,,,,
